ID,Longitude,Latitude,Label,Description,Type,Floor
0,-79.24771931,43.11940493,,,S,0
1,-79.24771798,43.11935939,,,T,4
2,-79.24766377,43.11935778,,,T,4
3,-79.2475943,43.1193111,,,T,4
4,-79.24755957,43.11931127,,,T,4
5,-79.24754342,43.11930723,,,T,4
6,-79.24754297,43.11927315,,,T,4
7,-79.2474943,43.11923859,,,T,4
8,-79.24743014,43.11923924,,,T,4
9,-79.24738191,43.11927638,,,T,4
10,-79.24738014,43.11930723,,,T,4
11,-79.24746443,43.11938216,,,T,4
12,-79.24732903,43.11931272,,,T,4
13,-79.24726509,43.11935568,,,T,4
14,-79.24687858,43.11935503,,,T,4
15,-79.24687437,43.11940251,,,S,0
16,-79.24681353,43.11935455,,,T,4
17,-79.24675136,43.11930997,,,T,4
18,-79.24671795,43.11931078,,,T,4
19,-79.24661662,43.11922228,,,T,4
20,-79.24648963,43.1193103,,,T,4
21,-79.24652016,43.1193111,,,T,4
22,-79.2466195,43.11938248,,,T,4
23,-79.24642348,43.11935535,,,T,4
24,-79.24603608,43.11935745,,,T,4
25,-79.24602635,43.11932063,,,T,4
26,-79.2460425,43.11929835,,,T,4
27,-79.24629604,43.11929738,,,T,4
28,-79.24629552,43.11935893,,,T,4
29,-79.24598387,43.11936924,,,T,4
30,-79.24593342,43.11933355,,,T,4
31,-79.24577169,43.11921712,,,T,4
32,-79.24561196,43.1193342,,,T,4
33,-79.24577214,43.11945112,,,T,4
34,-79.24555841,43.11929512,,,T,4
35,-79.24557665,43.11928103,,,T,4
36,-79.24555512,43.11926749,,,T,4
37,-79.24550882,43.11926925,,,S,0
38,-79.24635783,43.11935648,,,T,4
39,-79.24636434,43.11940278,,,S,0
40,-79.24604465,43.11927657,,,S,0
41,-79.24567321,43.11953632,,,T,4
42,-79.24570082,43.11955699,,,S,0
43,-79.24562904,43.11956929,,,T,4
44,-79.24552808,43.11949539,,,T,4
45,-79.24542386,43.11957259,,,T,4
46,-79.24542259,43.11961166,,,T,4
47,-79.24556873,43.11972025,,,T,4
48,-79.24569287,43.11961748,,,T,4
49,-79.2455498,43.1194779,,,T,4
50,-79.24552011,43.11944407,,,S,0
51,-79.24552524,43.11974227,,,S,0
52,-79.24720247,43.11935688,,,T,4
53,-79.24720943,43.11940208,,,S,0
54,-79.24751601,43.11942328,,,T,4
55,-79.24763635,43.11934843,B401,,R,4
56,-79.24763787,43.11933133,B402,,R,4
57,-79.24757607,43.11930079,B420,,R,4
58,-79.24753732,43.11933802,B403,,R,4
59,-79.24752164,43.11934977,B404,,R,4
60,-79.24755814,43.1193992,B404A,,R,4
61,-79.24753677,43.11940315,B404K,,R,4
62,-79.24752594,43.11942432,B404B,,R,4
63,-79.24751512,43.11943303,B404C,,R,4
64,-79.24749902,43.11942918,B404J,,R,4
65,-79.24748209,43.11945673,B404D,,R,4
66,-79.24747155,43.11946595,B404E,,R,4
67,-79.24746197,43.11946676,B404F,,R,4
68,-79.2474617,43.11945846,B404G,,R,4
69,-79.24747918,43.11940346,B404H,,R,4
70,-79.24741327,43.11941895,B405,,R,4
71,-79.24741868,43.11940943,B405A,,R,4
72,-79.24738093,43.1193231,,,T,4
73,-79.24744532,43.11937965,B406,,R,4
74,-79.24740258,43.11934906,B407,,R,4
75,-79.24727409,43.11934208,B408,,R,4
76,-79.24729088,43.1193282,B409,,R,4
77,-79.24731183,43.11931392,B410,,R,4
78,-79.24737011,43.11928708,B412,,R,4
79,-79.24737108,43.11927624,B413,,R,4
80,-79.24739786,43.11925821,B414,,R,4
81,-79.24742284,43.1192498,B415,,R,4
82,-79.24745739,43.11921374,B416,,R,4
83,-79.24746697,43.11921212,B417,,R,4
84,-79.24750144,43.11923691,B418,,R,4
85,-79.24751068,43.11925642,B421,,R,4
86,-79.24754851,43.11927036,B419,,R,4
87,-79.24713788,43.11937027,C400,,R,4
88,-79.24704248,43.11937359,C402,,R,4
89,-79.24701147,43.11937042,C403,,R,4
90,-79.24694881,43.11936932,C404,,R,4
91,-79.24680437,43.11935798,C405,,R,4
92,-79.24680631,43.11934268,C429,,R,4
93,-79.24679008,43.11933104,C428,,R,4
94,-79.24676732,43.11931503,C427,,R,4
95,-79.24674512,43.11929923,C426,,R,4
96,-79.24671972,43.11928353,C425,,R,4
97,-79.24669946,43.11926733,C423,,R,4
98,-79.24667754,43.1192496,C422,,R,4
99,-79.2466552,43.1192339,C421,,R,4
100,-79.24663105,43.11921769,C420,,R,4
101,-79.24661648,43.11921131,C419,,R,4
102,-79.24660147,43.11922007,C418,,R,4
103,-79.24657762,43.11923622,C417,,R,4
104,-79.24655615,43.11925188,C416,,R,4
105,-79.24653361,43.11926819,C415,,R,4
106,-79.24651149,43.1192829,C414,,R,4
107,-79.24649035,43.11929984,C412,,R,4
108,-79.24646898,43.11931736,C411,,R,4
109,-79.24643928,43.11933914,C409,,R,4
110,-79.24644261,43.11935069,C408,,R,4
111,-79.24656167,43.11934755,C407,,R,4
112,-79.24663577,43.11939849,C406,,R,4
113,-79.24629272,43.11937612,D400,,R,4
114,-79.24622962,43.11937596,D401,,R,4
115,-79.24619645,43.11937454,D402,,R,4
116,-79.24616263,43.11937311,D403,,R,4
117,-79.24610157,43.11937312,D404,,R,4
118,-79.24634891,43.11930242,D450N,,R,4
119,-79.24635372,43.11929581,D450M,,R,4
120,-79.2463179,43.11930232,D450O,,R,4
121,-79.24631889,43.11929281,D450L,,R,4
122,-79.24626153,43.11930174,D450A,,R,4
123,-79.24623719,43.11930158,D450B,,R,4
124,-79.24616993,43.11930158,D450C,,R,4
125,-79.24613188,43.11930174,D450D,,R,4
126,-79.24610688,43.11930158,D450E,,R,4
127,-79.2462821,43.11929431,D450K,,R,4
128,-79.24620851,43.11929354,D450I,,R,4
129,-79.24618409,43.1192946,D450H,,R,4
130,-79.24613453,43.11929399,D450G,,R,4
131,-79.24611042,43.11929496,D450F,,R,4
132,-79.24596165,43.11934418,D433,,R,4
133,-79.24591478,43.11931265,D431/D432,,R,4
134,-79.24587147,43.11928042,D429,,R,4
135,-79.24583785,43.11925507,D428,,R,4
136,-79.24581572,43.11923795,D426/D427,,R,4
137,-79.24577488,43.11920816,D425,,R,4
138,-79.24576709,43.11920816,D424,,R,4
139,-79.24574736,43.11922664,D423,,R,4
140,-79.24572473,43.11924299,D422,,R,4
141,-79.2457026,43.11925864,D421,,R,4
142,-79.24568183,43.11927578,D420,,R,4
143,-79.24565971,43.11929061,D419,,R,4
144,-79.24563781,43.1193089,D418,,R,4
145,-79.2455641,43.11930536,D417,,R,4
146,-79.24558491,43.11932191,D416,,R,4
147,-79.24560702,43.119339,D415,,R,4
148,-79.24562449,43.11935142,D414,,R,4
149,-79.24564707,43.1193674,D413,Earl Foxwell's office.,R,4
150,-79.24566964,43.11938339,D412,,R,4
151,-79.24571186,43.11941387,D411,,R,4
152,-79.24575069,43.11946199,D410,,R,4
153,-79.24572247,43.11950154,D470,,R,4
154,-79.24576085,43.11947254,D471,,R,4
155,-79.24578004,43.11945787,D472,,R,4
156,-79.24581232,43.11943332,D473,,R,4
157,-79.24582903,43.11942079,D474,,R,4
158,-79.24590308,43.1193651,D408,,R,4
159,-79.24592543,43.1193473,D407,,R,4
160,-79.2458796,43.11930099,D448,,R,4
161,-79.24585431,43.11928484,D447,,R,4
162,-79.24583309,43.1192682,D446,,R,4
163,-79.24580803,43.1192509,D445,,R,4
164,-79.24579449,43.11923903,D444,,R,4
165,-79.24570463,43.11927479,D443,,R,4
166,-79.24566964,43.11929984,D442,,R,4
167,-79.24565881,43.11930857,D441,,R,4
168,-79.24568093,43.11938009,D440,,R,4
169,-79.24571592,43.11940481,D439,,R,4
170,-79.2457832,43.1194348,D438,,R,4
171,-79.24581413,43.11941157,D437,,R,4
172,-79.24586041,43.11937811,D436,,R,4
173,-79.24590375,43.11934516,D435,,R,4
174,-79.24568928,43.1196276,J432,,R,4
175,-79.24566174,43.11964738,J431,,R,4
176,-79.24565045,43.11965661,J429,,R,4
177,-79.24560756,43.11968841,J428,,R,4
178,-79.24559492,43.11969698,J427,,R,4
179,-79.24557685,43.11973208,J425,,R,4
180,-79.2455229,43.1196922,J424,,R,4
181,-79.24551048,43.11968297,J423,,R,4
182,-79.24548294,43.11966237,J422,,R,4
183,-79.24543892,43.1196309,J419,,R,4
184,-79.24542582,43.11962151,J418,,R,4
185,-79.24541476,43.11958657,J415,,R,4
186,-79.24542514,43.11956515,J413,,R,4
187,-79.24543688,43.11955691,J412,,R,4
188,-79.24548068,43.11952642,J411,,R,4
189,-79.245508,43.1195055,J410,,R,4
190,-79.24552358,43.11949198,J407,,R,4
191,-79.24556195,43.11951588,J403,,R,4
192,-79.24558679,43.11953466,J402,,R,4
193,-79.24559966,43.11954323,J401,,R,4
194,-79.24564029,43.11965364,J430,,R,4
195,-79.24548068,43.11964936,J421,,R,4
196,-79.24543147,43.1195938,J414,,R,4
197,-79.24548339,43.11953516,J409A,,R,4
198,-79.24551613,43.11951011,J409A,,R,4
199,-79.2455676,43.1195345,J404,,R,4
200,-79.24561298,43.11956877,J434,,R,4
201,-79.2462572,43.11929418,D450J,,R,4
202,-79.2483424,43.11977674,,,T,3
203,-79.24829356,43.11972406,,,T,3
204,-79.24822653,43.11967153,,,T,3
205,-79.24829215,43.11962261,,,T,3
206,-79.24828862,43.1195827,,,T,3
207,-79.248011,43.11938058,,,T,3
208,-79.24781629,43.11938212,,,T,3
209,-79.24777575,43.11935422,,,T,3
210,-79.24772202,43.11935307,,,T,3
211,-79.24766143,43.11934813,,,T,3
212,-79.24746777,43.11949361,,,T,3
213,-79.24746777,43.11957703,,,T,3
214,-79.24717907,43.11978069,,,T,3
215,-79.24714994,43.11981563,,,T,3
216,-79.24709915,43.11977509,,,S,0
217,-79.24698168,43.11981623,,,T,3
218,-79.24690126,43.11985898,,,T,3
219,-79.24677497,43.11986026,,,T,3
220,-79.24677321,43.11987623,,,T,3
221,-79.24678062,43.12028304,,,T,3
222,-79.24648431,43.12028279,,,T,3
223,-79.24619505,43.12028356,,,T,3
224,-79.24619329,43.12006136,,,T,3
225,-79.24648149,43.12005852,,,T,3
226,-79.24648192,43.1198738,,,T,3
227,-79.24648102,43.11986061,,,T,3
228,-79.2463231,43.11985692,,,T,3
229,-79.24627089,43.11981289,,,T,3
230,-79.24630335,43.11981083,,,T,3
231,-79.24659225,43.11959351,,,T,3
232,-79.24662117,43.11956982,,,T,3
233,-79.24662294,43.11953223,,,T,3
234,-79.24683811,43.11937259,,,T,3
235,-79.24683772,43.11935587,,,T,3
236,-79.24687903,43.1193557,,,T,3
237,-79.2472406,43.11935406,,,T,3
238,-79.2474633,43.11919174,,,T,3
239,-79.24763639,43.1193211,,,T,3
240,-79.24729624,43.11932159,,,T,3
241,-79.24750145,43.1194671,,,T,3
242,-79.24720322,43.11935488,,,T,3
243,-79.24677857,43.12006067,,,T,3
244,-79.24686142,43.12006956,,,S,0
245,-79.24613267,43.12028412,,,T,2
246,-79.24618618,43.12032119,,,S,0
247,-79.24613064,43.12017223,,,T,2
248,-79.24648486,43.12017404,,,T,2
249,-79.24639997,43.12007995,,,S,0
250,-79.24631531,43.12005836,,,T,3
251,-79.24678132,43.11931183,,,T,3
252,-79.24661765,43.11919133,,,T,3
253,-79.24645926,43.11931028,,,T,3
254,-79.24640539,43.11935389,,,T,3
255,-79.24635843,43.11935537,,,T,3
256,-79.24603561,43.11935303,,,T,3
257,-79.24602715,43.11932187,,,T,3
258,-79.24604655,43.1193005,,,T,3
259,-79.246297,43.11929792,,,T,3
260,-79.24629876,43.11935663,,,T,3
261,-79.24577176,43.11914292,,,T,3
262,-79.24558092,43.11927578,,,T,3
263,-79.24555676,43.11929588,,,T,3
264,-79.24584032,43.11949825,,,T,3
265,-79.24576823,43.11956699,,,T,3
266,-79.2457245,43.11959053,,,T,3
267,-79.24565768,43.11959086,,,T,3
268,-79.24563284,43.11957438,,,T,3
269,-79.2455213,43.11968337,,,T,3
270,-79.24542324,43.11961257,,,T,3
271,-79.24542324,43.11957446,,,T,3
272,-79.24555247,43.11947616,,,T,3
273,-79.24569289,43.11951818,,,T,3
274,-79.24567371,43.11953433,,,T,3
275,-79.24555631,43.11970967,,,T,3
276,-79.24620582,43.11984051,,,T,3
277,-79.24617737,43.11985616,,,T,3
278,-79.24615909,43.11981167,,,S,0
279,-79.24586921,43.11985551,,,T,3
280,-79.24568409,43.11985386,,,T,3
281,-79.24568522,43.11993147,,,T,3
282,-79.24565948,43.11993213,,,S,0
283,-79.24586131,43.11989093,,,S,0
284,-79.24672354,43.12034715,M,,B,3
285,-79.24834399,43.11981381,A300,,R,3
286,-79.24837311,43.11977608,A302,,R,3
287,-79.24845935,43.11962266,A304,,R,3
288,-79.24842548,43.1196225,A306,,R,3
289,-79.24845619,43.11961574,A305,,R,3
290,-79.24843926,43.11961492,A307,,R,3
291,-79.24834421,43.11961936,A310,,R,3
292,-79.24818173,43.11962647,A338,,R,3
293,-79.2480484,43.11953172,A323,,R,3
294,-79.24796056,43.11947121,A339J,,R,3
295,-79.24827486,43.11957987,A312,,R,3
296,-79.24825969,43.11956854,A314,,R,3
297,-79.24821066,43.11953223,A315,,R,3
298,-79.24815457,43.11949232,A319,,R,3
299,-79.24807979,43.11943671,A325,,R,3
300,-79.24805651,43.11941997,A327,,R,3
301,-79.24803288,43.11940452,A329,,R,3
302,-79.24798561,43.11938959,A334,,R,3
303,-79.24828862,43.11957343,A311,,R,3
304,-79.24826216,43.11955515,A313,,R,3
305,-79.24824417,43.11954099,A316,,R,3
306,-79.24822018,43.11952348,A317,,R,3
307,-79.24819584,43.11950571,A318,,R,3
308,-79.24817503,43.11949104,A320,,R,3
309,-79.24815387,43.11947584,A321,,R,3
310,-79.24812988,43.11945885,A322,,R,3
311,-79.24811013,43.11944443,A324,,R,3
312,-79.24808543,43.11942615,A326,,R,3
313,-79.2480618,43.1194089,A328,,R,3
314,-79.24804099,43.11939319,A330,,R,3
315,-79.24802194,43.11937929,A331,,R,3
316,-79.24800042,43.11937208,A332,,R,3
317,-79.24794398,43.11937105,A335,,R,3
318,-79.24789107,43.11937337,A336,,R,3
319,-79.24767687,43.11933445,B336,,R,3
320,-79.24765339,43.11931665,B335,,R,3
321,-79.2476333,43.11930165,B333,,R,3
322,-79.24758665,43.11926754,B332,,R,3
323,-79.24756442,43.11925235,B331,,R,3
324,-79.24754255,43.11923458,B330,,R,3
325,-79.24751963,43.11921991,B329,,R,3
326,-79.24749564,43.11920523,B328,,R,3
327,-79.24747518,43.11918566,B327,,R,3
328,-79.24746177,43.11917974,B326,,R,3
329,-79.24744872,43.11918695,B325,,R,3
330,-79.24756301,43.11926934,B322A,,R,3
331,-79.24752386,43.1192387,B322,,R,3
332,-79.24742756,43.1192042,B324,,R,3
333,-79.24740392,43.11922171,B323,,R,3
334,-79.24738276,43.11923639,B321,,R,3
335,-79.24736054,43.11925389,B320,,R,3
336,-79.24733725,43.11926883,B319,,R,3
337,-79.24731644,43.11928531,B317,,R,3
338,-79.24729457,43.11930359,B316,,R,3
339,-79.24727588,43.11931878,B315,,R,3
340,-79.24725048,43.11933577,B314,,R,3
341,-79.24762862,43.11936513,B300,,R,3
342,-79.24761099,43.11937646,B301,,R,3
343,-79.24759229,43.11938907,B302,,R,3
344,-79.24757536,43.11940272,B303,,R,3
345,-79.24752068,43.11944211,B304,,R,3
346,-79.24745507,43.11944907,B305,,R,3
347,-79.24743426,43.11943207,B306,,R,3
348,-79.24740639,43.11941328,B307,,R,3
349,-79.24738437,43.11939746,B308,,R,3
350,-79.24736313,43.11938064,B310,,R,3
351,-79.24733938,43.11936409,B311,,R,3
352,-79.24731706,43.11934833,B313,,R,3
353,-79.24744232,43.11941979,B304A,,R,3
354,-79.24741389,43.11940035,B309,,R,3
355,-79.24734442,43.11934938,B312,,R,3
356,-79.24713781,43.11937302,C300,,R,3
357,-79.24707626,43.11937355,C301,,R,3
358,-79.24704206,43.11937486,C302,,R,3
359,-79.24701111,43.11937355,C303,,R,3
360,-79.24694919,43.11937434,C304,,R,3
361,-79.24661444,43.11952804,C308,,R,3
362,-79.24672094,43.11944952,C307,,R,3
363,-79.24664684,43.11932021,C306,,R,3
364,-79.24643555,43.11935805,C310,,R,3
365,-79.24669003,43.11924928,C316,,R,3
366,-79.24683329,43.11933572,C331,,R,3
367,-79.24680702,43.11931916,C330,,R,3
368,-79.24678902,43.1193034,C329,,R,3
369,-79.24676274,43.11928685,C328,,R,3
370,-79.2467415,43.11927003,C327,,R,3
371,-79.24671955,43.119254,C326,,R,3
372,-79.24669759,43.1192364,C325,,R,3
373,-79.24667275,43.11922195,C324,,R,3
374,-79.24663064,43.11918806,C322,,R,3
375,-79.24661696,43.11918123,C321,,R,3
376,-79.24660221,43.11918806,C320,,R,3
377,-79.24658205,43.11920645,C319,,R,3
378,-79.24655901,43.11922274,C318,,R,3
379,-79.24653741,43.11923824,C317,,R,3
380,-79.2465151,43.11925348,C315,,R,3
381,-79.24649386,43.11927187,C314,,R,3
382,-79.24647334,43.11928737,C313,,R,3
383,-79.24644815,43.11930419,C312,,R,3
384,-79.24642799,43.11932179,C312A,,R,3
385,-79.24629265,43.11937513,D300,,R,3
386,-79.24623074,43.11937618,D301,,R,3
387,-79.24619762,43.11937618,D302,,R,3
388,-79.24616235,43.11937513,D303,,R,3
389,-79.2461008,43.11937513,D304,,R,3
390,-79.24632178,43.11929772,D350O,,R,3
391,-79.24626205,43.11930261,D350A,,R,3
392,-79.2462365,43.11930287,D350B,,R,3
393,-79.24616991,43.11930209,D350C,,R,3
394,-79.24613211,43.11930314,D350D,,R,3
395,-79.24610656,43.11930287,D350E,,R,3
396,-79.24631425,43.11929263,D350L,,R,3
397,-79.24629445,43.11929158,D350J,,R,3
398,-79.24620878,43.11929289,D350I,,R,3
399,-79.24618431,43.11929368,D350H,,R,3
400,-79.24613499,43.11929394,D350G,,R,3
401,-79.24611052,43.1192942,D350F,,R,3
402,-79.24601117,43.11934517,D308,,R,3
403,-79.24592118,43.11941743,D309,,R,3
404,-79.24589383,43.11923824,D322,,R,3
405,-79.245797,43.11916651,D321,,R,3
406,-79.24569082,43.11921013,D320,,R,3
407,-79.24566562,43.11922904,D319,,R,3
408,-79.24554913,43.11929789,D318,,R,3
409,-79.24557959,43.11931759,D317,,R,3
410,-79.24561091,43.11934018,D316,,R,3
411,-79.24564438,43.11936225,D315,,R,3
412,-79.24572717,43.11942268,D314,,R,3
413,-79.24577721,43.11946183,D310,,R,3
414,-79.24594206,43.11944055,D328,,R,3
415,-79.24591974,43.11945868,D329,,R,3
416,-79.24589311,43.11947759,D330,,R,3
417,-79.24586683,43.11949625,D331,,R,3
418,-79.24584308,43.11951517,D332,,R,3
419,-79.24582292,43.11953724,D333,,R,3
420,-79.24559082,43.11954995,J310,,R,3
421,-79.2456005,43.11954356,J301,,R,3
422,-79.24576544,43.11961032,G310,,R,3
423,-79.24579615,43.11959132,Pond Inlet,,R,2
424,-79.24563321,43.11961738,J333,,R,3
425,-79.24560948,43.11963504,J330,,R,3
426,-79.24558368,43.11965067,J327,,R,3
427,-79.24562699,43.11960241,J332,,R,3
428,-79.24559681,43.11962528,J331,,R,3
429,-79.24558391,43.11963352,J328,,R,3
430,-79.24557677,43.11972231,J324,,R,3
431,-79.24552194,43.11969254,J323,,R,3
432,-79.24550927,43.11968414,J322,,R,3
433,-79.24548094,43.11966329,J321,,R,3
434,-79.24543763,43.11963016,J319,,R,3
435,-79.24542565,43.11962209,J318,,R,3
436,-79.24546366,43.11963689,J320,,R,3
437,-79.2454321,43.11959401,J315,,R,3
438,-79.24541367,43.11958762,J314,,R,3
439,-79.24542496,43.11956559,J313,,R,3
440,-79.24543723,43.11955659,J312,,R,3
441,-79.24547884,43.11952451,J311,,R,3
442,-79.24550775,43.11950443,J307,,R,3
443,-79.24552021,43.11949671,J306,,R,3
444,-79.24557357,43.11946497,J305,,R,3
445,-79.24741151,43.11962268,E301,,R,3
446,-79.24740049,43.11963126,E302,,R,3
447,-79.24735384,43.11966692,E303,,R,3
448,-79.24721501,43.11977067,E304,,R,3
449,-79.24717391,43.11979972,E305,,R,3
450,-79.24666617,43.11964822,,,T,3
451,-79.24667862,43.11965131,F303,,R,3
452,-79.24659208,43.11970982,F312,,R,3
453,-79.24665465,43.11962969,F301,,R,3
454,-79.24663937,43.11961905,F300,,R,3
455,-79.24657371,43.11962268,F313A,,R,3
456,-79.24650135,43.11967657,F314,,R,3
457,-79.24640218,43.11974842,F316,,R,3
458,-79.24640218,43.11974842,F317,,R,3
459,-79.24619274,43.11986235,G300,,R,3
460,-79.24604775,43.11986317,G301,,R,3
461,-79.2459981,43.11986184,G301A,,R,3
462,-79.24592507,43.11986156,G302,,R,3
463,-79.24579688,43.1198548,,,T,2
464,-79.24583379,43.11986149,G304,,R,3
465,-79.24574023,43.11986269,G305,,R,3
466,-79.24572143,43.11986338,G306,,R,3
467,-79.24565678,43.11986149,G308,,R,3
468,-79.24565678,43.11984416,G309,,R,3
469,-79.24678968,43.11990606,H300,,R,3
470,-79.24678527,43.11999936,H303,,R,3
471,-79.24678674,43.12012429,H305,,R,3
472,-79.24678858,43.12013957,H307,,R,3
473,-79.24678968,43.12022376,H308,,R,3
474,-79.24676911,43.11990767,H301,,R,3
475,-79.24676985,43.12005217,H304,,R,3
476,-79.24676911,43.12012805,H306,,R,3
477,-79.24677278,43.12022965,H309,,R,3
478,-79.24681449,43.12028976,H311D,,R,3
479,-79.24672614,43.12028381,,,T,3
480,-79.24673091,43.12034654,H311,,R,3
481,-79.24665892,43.120294,H313,,R,3
482,-79.24659318,43.12027416,H314,,R,3
483,-79.24652009,43.12029587,H315,,R,3
484,-79.24613267,43.12028412,,,T,3
485,-79.24649033,43.12023877,H317,,R,3
486,-79.24649033,43.1201436,H319,,R,3
487,-79.24648887,43.12000713,H321,,R,3
488,-79.2464896,43.11999614,H322,,R,3
489,-79.24648776,43.1199074,H325,,R,3
490,-79.24647895,43.12022965,H316,,R,3
491,-79.24647821,43.12020606,H318,,R,3
492,-79.24647601,43.12010606,H320,,R,3
493,-79.24647344,43.11998274,H323,,R,3
494,-79.246472,43.11990353,H324,,R,3
495,-79.24834455,43.11980796,,,T,3
496,-79.24830083,43.11980865,,,T,3
497,-79.24830036,43.1198313,,,S,0
498,-79.24834627,43.11973689,,,T,3
499,-79.24843846,43.11973502,,,S,0
500,-79.24847996,43.11973716,,,T,2
501,-79.24848107,43.11968166,,,T,2
502,-79.24842377,43.11968065,,,T,2
503,-79.24842447,43.11962934,,,T,2
504,-79.24827905,43.11968032,,,T,2
505,-79.24825099,43.11965868,,,T,2
506,-79.24825077,43.11961759,,,T,2
507,-79.24824935,43.11955213,,,T,2
508,-79.24772233,43.11935721,,,T,2
509,-79.24774942,43.1193578,,,T,2
510,-79.24796649,43.11951062,,,T,2
511,-79.24803554,43.11946397,,,T,2
512,-79.24807484,43.11943072,,,T,2
513,-79.24799146,43.11937121,,,T,2
514,-79.24793857,43.11937308,,,T,2
515,-79.24766191,43.11935464,,,T,2
516,-79.24746563,43.11944472,,,T,2
517,-79.24747221,43.11961716,,,T,2
518,-79.24720212,43.11981105,,,T,2
519,-79.24715746,43.11981654,,,T,2
520,-79.24715722,43.11978257,,,T,2
521,-79.24698562,43.11981774,,,T,2
522,-79.2468984,43.11981491,,,T,2
523,-79.24684734,43.11977925,,,T,2
524,-79.24640476,43.11978006,,,T,2
525,-79.24635187,43.11977791,,,T,2
526,-79.24627149,43.11981448,,,T,2
527,-79.2461965,43.1198361,,,T,2
528,-79.24617958,43.11985515,,,T,2
529,-79.24586998,43.11985566,,,T,2
530,-79.24579524,43.11982031,,,T,2
531,-79.24570756,43.11981894,,,T,2
532,-79.2457069,43.11959266,,,T,2
533,-79.24564776,43.11958998,,,T,2
534,-79.24554272,43.11951142,,,T,2
535,-79.2455126,43.11948354,,,T,2
536,-79.24554088,43.1194629,,,T,2
537,-79.2453947,43.11961973,,,T,2
538,-79.24554748,43.1197268,,,T,2
539,-79.24557851,43.11943425,,,T,2
540,-79.2456911,43.11951678,,,T,2
541,-79.24566689,43.1195384,,,T,2
542,-79.24562434,43.119571,,,T,2
543,-79.24575763,43.11956346,,,T,2
544,-79.24581121,43.11952456,,,T,2
545,-79.24602901,43.11936156,,,T,2
546,-79.24577301,43.11916826,,,T,2
547,-79.24557871,43.11930525,,,T,2
548,-79.24556252,43.11929561,,,T,2
549,-79.2455912,43.1192704,,,T,2
550,-79.24599926,43.11932965,,,T,2
551,-79.24603759,43.11930522,,,T,2
552,-79.24636316,43.1193579,,,T,2
553,-79.24655865,43.11935351,,,T,2
554,-79.24661852,43.11931598,,,T,2
555,-79.24667463,43.11935292,,,T,2
556,-79.24676764,43.11935646,,,T,2
557,-79.24678276,43.11941864,,,T,2
558,-79.24662127,43.1195384,,,T,2
559,-79.24662221,43.1196175,,,T,2
560,-79.24687585,43.1193579,,,T,2
561,-79.24721011,43.11935756,,,T,2
562,-79.24726418,43.11935618,,,T,2
563,-79.24730573,43.11932912,,,T,2
564,-79.24733094,43.11931106,,,T,2
565,-79.24762454,43.11932959,,,T,2
566,-79.24759148,43.11930981,,,T,2
567,-79.24738524,43.1193078,,,T,2
568,-79.24738453,43.11926559,,,T,2
569,-79.2473984,43.11925306,,,T,2
570,-79.24754226,43.11930574,,,T,2
571,-79.24754438,43.11926593,,,T,2
572,-79.24752698,43.11924946,,,T,2
573,-79.24692888,43.1198452,,,T,2
574,-79.24677352,43.11986424,,,T,2
575,-79.24677609,43.12006826,,,T,2
576,-79.24677903,43.12028274,,,T,2
577,-79.24648593,43.12028381,,,T,2
578,-79.24648372,43.12005271,,,T,2
579,-79.24648042,43.11986424,,,T,2
580,-79.24631256,43.11984494,,,T,2
581,-79.24662734,43.11987201,,,T,2
582,-79.246468,43.1193555,,,T,2
583,-79.24646753,43.11932684,,,T,2
584,-79.24654873,43.11926718,,,T,2
585,-79.24830083,43.11984639,,,T,2
586,-79.24833444,43.1198512,A201,,R,2
587,-79.24835066,43.11985206,A200,,R,2
588,-79.24835019,43.11984279,A203,,R,2
589,-79.24831352,43.11969832,A204,,R,2
590,-79.24843458,43.11962076,A247,,R,2
591,-79.24843482,43.11960824,A246,,R,2
592,-79.24843294,43.11960206,A245,,R,2
593,-79.24841013,43.11960292,A244,,R,2
594,-79.24837299,43.11960446,A242,,R,2
595,-79.24833092,43.11966846,A206,,R,2
596,-79.24822114,43.11961081,A207,,R,2
597,-79.24820469,43.11959794,A208,,R,2
598,-79.24818282,43.11958181,A210,,R,2
599,-79.24815485,43.11956174,A211,,R,2
600,-79.24815626,43.11955196,A223,,R,2
601,-79.24817742,43.11956243,A212,,R,2
602,-79.24821644,43.11958971,A209,,R,2
603,-79.24826745,43.11957478,A241,,R,2
604,-79.24826322,43.1195535,A240,,R,2
605,-79.24823195,43.11953154,A239,,R,2
606,-79.24821174,43.11951696,A238,,R,2
607,-79.24806294,43.11949173,A222,,R,2
608,-79.24807587,43.11944884,A224,,R,2
609,-79.24810337,43.11943803,A225,,R,2
610,-79.2480761,43.11941915,A226,,R,2
611,-79.24805072,43.11939891,A227,,R,2
612,-79.2480211,43.1193802,A229,,R,2
613,-79.24804601,43.11932667,A218,,R,2
614,-79.2479273,43.11935086,A231,,R,2
615,-79.24791861,43.11934246,A232,,R,2
616,-79.24790685,43.11936957,A223,,R,2
617,-79.24790779,43.11938106,A234,,R,2
618,-79.24792307,43.11940663,A235,,R,2
619,-79.24801992,43.11940457,A230,,R,2
620,-79.24803073,43.11941332,A228,,R,2
621,-79.24800323,43.11947132,A220,,R,2
622,-79.24759844,43.11932633,B228,,R,2
623,-79.24732929,43.11932684,B214,,R,2
624,-79.24742003,43.11940955,B203,,R,2
625,-79.24765369,43.11934125,B230,,R,2
626,-79.24762853,43.11932015,B229,,R,2
627,-79.24761796,43.11931243,B227,,R,2
628,-79.24759233,43.11930059,B226,,R,2
629,-79.24753239,43.11922458,B223,,R,2
630,-79.24752322,43.11921634,B222,,R,2
631,-79.24752698,43.11920588,B222A,,R,2
632,-79.2475291,43.11926421,B224,,R,2
633,-79.24741086,43.11926318,B220,,R,2
634,-79.24743296,43.11926559,B219,,R,2
635,-79.24739159,43.11922372,B221,,R,2
636,-79.24739652,43.11920622,B222B,,R,2
637,-79.24737349,43.11926473,B217,,R,2
638,-79.24734011,43.1193011,B216,,R,2
639,-79.24732106,43.11930333,B215,,R,2
640,-79.24728345,43.11933302,B213,,R,2
641,-79.24727217,43.11934091,B212,,R,2
642,-79.24731754,43.11934863,B211,,R,2
643,-79.24733917,43.11936545,B210A,,R,2
644,-79.24737349,43.11939153,B210,,R,2
645,-79.24741979,43.11942173,B209,,R,2
646,-79.24744777,43.11944609,B208,,R,2
647,-79.2474835,43.11944472,B207,,R,2
648,-79.24750207,43.11943014,B206,,R,2
649,-79.24752604,43.11941178,B205,,R,2
650,-79.24754485,43.11939668,B204,,R,2
651,-79.24756859,43.11937729,B202,,R,2
652,-79.24758857,43.11936442,B201,,R,2
653,-79.24760973,43.11934829,B200,,R,2
654,-79.24733987,43.11976352,,,T,2
655,-79.24723926,43.11978548,,,T,2
656,-79.24734481,43.11970844,,,T,2
657,-79.24745552,43.1196163,E223,,R,2
658,-79.24743272,43.11963209,E222,,R,2
659,-79.2474118,43.11964753,E221,,R,2
660,-79.24739017,43.11966469,E220,,R,2
661,-79.24736737,43.11967996,E219,,R,2
662,-79.24734622,43.11969643,E218,,R,2
663,-79.24732436,43.1197141,E217,,R,2
664,-79.24730273,43.11973023,E216,,R,2
665,-79.2472804,43.11974585,E215,,R,2
666,-79.24725877,43.11976129,E214,,R,2
667,-79.24723762,43.11977828,E213,,R,2
668,-79.24721082,43.11979749,E212,,R,2
669,-79.24743296,43.11965131,E200A,,R,2
670,-79.24738336,43.11968734,E200,,R,2
671,-79.2473669,43.11970003,E201,,R,2
672,-79.24737772,43.1197606,E203,,R,2
673,-79.2473749,43.11976935,E204,,R,2
674,-79.24734575,43.11977004,E205,,R,2
675,-79.24728839,43.11978394,E206,,R,2
676,-79.24726159,43.119786,E207,,R,2
677,-79.24714711,43.11979972,E210,,R,2
678,-79.24667533,43.11934125,C215,,R,2
679,-79.24672047,43.11926473,C213,,R,2
680,-79.24664807,43.11923041,C212,,R,2
681,-79.24663725,43.11922372,C211,,R,2
682,-79.24659776,43.11922544,C210,,R,2
683,-79.24655216,43.11925718,C209,,R,2
684,-79.24650891,43.11929029,C208,,R,2
685,-79.24648775,43.11930557,C206,,R,2
686,-79.24648399,43.11932307,C207,,R,2
687,-79.24646833,43.11936172,C204,,R,2
688,-79.24657707,43.11935567,C204G,,R,2
689,-79.24676019,43.11937351,C200,,R,2
690,-79.24671341,43.11946462,C201,,R,2
691,-79.24667839,43.11948864,C202,,R,2
692,-79.24662526,43.11952794,C203,,R,2
693,-79.24631474,43.11936322,D250,,R,2
694,-79.24597943,43.11930686,D218,,R,2
695,-79.24596768,43.11929909,D219,,R,2
696,-79.24556041,43.1193066,D207,,R,2
697,-79.24557968,43.11931397,D208,,R,2
698,-79.24559891,43.11930096,D209,,R,2
699,-79.2456518,43.11926209,D210,,R,2
700,-79.24571681,43.11921169,D211,,R,2
701,-79.24577361,43.11918683,D212,,R,2
702,-79.24583497,43.11922561,D213,,R,2
703,-79.24587438,43.11925324,D214,,R,2
704,-79.24595078,43.11939534,D202,,R,2
705,-79.24584977,43.11947148,D205,,R,2
706,-79.24581855,43.1194948,D206,,R,2
707,-79.24571975,43.11952939,D206A,,R,2
708,-79.24556916,43.11974896,J200,,R,2
709,-79.24539938,43.11960875,J216,,R,2
710,-79.24542689,43.11958833,J215,,R,2
711,-79.2454551,43.1195686,J213,,R,2
712,-79.24551222,43.11952571,J210,,R,2
713,-79.24543088,43.11959863,J214,,R,2
714,-79.24546426,43.11957255,J212,,R,2
715,-79.24552491,43.11952777,J209,,R,2
716,-79.24563727,43.11961081,J202,,R,2
717,-79.24565349,43.11961682,J201,,R,2
718,-79.24571314,43.11962644,G215,,R,2
719,-79.24571461,43.11967469,G214,,R,2
720,-79.24571681,43.11976263,G211,,R,2
721,-79.24569735,43.11972805,G212,,R,2
722,-79.24569808,43.11977604,G209,,R,2
723,-79.24569808,43.11980794,G210,,R,2
724,-79.24570769,43.11982546,G218A,,R,2
725,-79.24586999,43.11984794,G206,,R,2
726,-79.24589201,43.11986075,G205,,R,2
727,-79.24593866,43.11986102,G204,,R,2
728,-79.24600918,43.11986183,G203,,R,2
729,-79.24604077,43.11986183,G202,,R,2
730,-79.24615353,43.1198629,G201,,R,2
731,-79.24628281,43.11983877,G200,,R,2
732,-79.24641247,43.11976504,F221,,R,2
733,-79.24643414,43.11974842,F222,,R,2
734,-79.24645691,43.11973207,F223,,R,2
735,-79.24647858,43.11971545,F224,,R,2
736,-79.24650062,43.11969963,F225,,R,2
737,-79.24652266,43.11968327,F227,,R,2
738,-79.24654249,43.11966719,F228,,R,2
739,-79.2465649,43.11965137,F229,,R,2
740,-79.2465884,43.11963582,F231,,R,2
741,-79.24647417,43.1197385,F226A,,R,2
742,-79.24653074,43.11969319,F226A,,R,2
743,-79.24657665,43.11965941,F230,,R,2
744,-79.24664019,43.11962054,F234,,R,2
745,-79.24666443,43.11963796,F234A,,R,2
746,-79.24668059,43.11965137,F235A,,R,2
747,-79.2467019,43.11966799,F235,,R,2
748,-79.24672577,43.11968327,F236,,R,2
749,-79.24674781,43.11969963,F238,,R,2
750,-79.24676948,43.11971518,F239,,R,2
751,-79.24679188,43.11973153,F240,,R,2
752,-79.24681392,43.11974815,F241,,R,2
753,-79.24683633,43.1197637,F242,,R,2
754,-79.24685422,43.11977433,F243,,R,2
755,-79.24688055,43.11979595,F244,,R,2
756,-79.24666899,43.1196592,F233,,R,2
757,-79.24671718,43.11969489,F237A,,R,2
758,-79.24685422,43.11979492,F201,,R,2
759,-79.24681282,43.11978622,F202,,R,2
760,-79.2467805,43.11978595,F203,,R,2
761,-79.24675038,43.11978622,F204,,R,2
762,-79.24671842,43.11978649,F205,,R,2
763,-79.2466861,43.11978622,F206,,R,2
764,-79.24665562,43.11978569,F207,,R,2
765,-79.24663468,43.11978622,F209,,R,2
766,-79.24659318,43.1197873,F210,,R,2
767,-79.24656306,43.11978756,F212,,R,2
768,-79.24652964,43.11978703,F213,,R,2
769,-79.24649915,43.11978676,F214,,R,2
770,-79.2464683,43.11978703,F215,,R,2
771,-79.24643598,43.11978649,F216,,R,2
772,-79.24640548,43.11978857,F217,,R,2
773,-79.24637445,43.11978771,F218,,R,2
774,-79.24633707,43.11979972,F219,,R,2
775,-79.24679519,43.1197755,F237,,R,2
776,-79.24664937,43.11977443,F208,,R,2
777,-79.24657334,43.11977523,F211,,R,2
778,-79.24653735,43.11977523,F226B,,R,2
779,-79.24678454,43.11997469,H200,,R,2
780,-79.24678601,43.12002161,H203,,R,2
781,-79.24678931,43.12017282,H206,,R,2
782,-79.24678858,43.12024306,H208,,R,2
783,-79.24676323,43.1199066,H201,,R,2
784,-79.24676654,43.11992831,H202,,R,2
785,-79.24676348,43.12007014,H204,,R,2
786,-79.24676654,43.12016674,H205,,R,2
787,-79.24676864,43.12022809,H207,,R,2
788,-79.24675628,43.12029618,H209,,R,2
789,-79.24665786,43.12029566,H210,,R,2
790,-79.24662752,43.12029566,H211,,R,2
791,-79.24656121,43.12029515,H212,,R,2
792,-79.24643457,43.12029309,H213,,R,2
793,-79.2464956,43.12026142,H214,,R,2
794,-79.24649595,43.12020014,H216,,R,2
795,-79.24649863,43.12017536,H218,,R,2
796,-79.24649321,43.120075,H221,,R,2
797,-79.24649348,43.11992901,H224,,R,2
798,-79.24649101,43.11990687,H226,,R,2
799,-79.24647126,43.11991073,H225,,R,2
800,-79.24647302,43.1199545,H223,,R,2
801,-79.24647302,43.12000728,H222,,R,2
802,-79.24647549,43.12009792,H220,,R,2
803,-79.24647619,43.12018803,H217,,R,2
804,-79.24647725,43.12023258,H215,,R,2
805,-79.24639295,43.12017851,H217A,,R,2
806,-79.24643986,43.12017104,H219A,,R,2
807,-79.24642575,43.12017001,H219B,,R,2
808,-79.24637037,43.12016924,H219C,,R,2
809,-79.24766626,43.11937185,M,,B,4
810,-79.2472626,43.11937202,F,,B,4
811,-79.24681867,43.11937222,M,,B,4
812,-79.24642105,43.1193737,F,,B,4
813,-79.24601187,43.11931696,M,,B,4
814,-79.24599987,43.1193891,,,T,4
815,-79.24598225,43.11941145,F,,B,4
816,-79.24552437,43.11929038,M,,B,4
817,-79.24801912,43.11951344,M,,B,3
818,-79.24788637,43.11941635,F,,B,3
819,-79.24766435,43.11936953,M,,B,3
820,-79.24726223,43.11937016,F,,B,3
821,-79.24641537,43.11937252,M,,B,3
822,-79.24600721,43.11930156,F,,B,3
823,-79.24553047,43.11928848,M,,B,3
824,-79.24578617,43.11985346,,,T,3
825,-79.24578433,43.11979528,M,,B,3
826,-79.24577166,43.11985363,,,T,3
827,-79.24576982,43.11979512,F,,B,3
828,-79.24624046,43.11980302,M,,B,3
829,-79.2470578,43.11981143,F,,B,3
830,-79.24696035,43.11981075,M,,B,3
831,-79.24612758,43.12027636,,,T,3
832,-79.24609095,43.12028292,M,,B,3
833,-79.246064,43.12027653,F,,B,3
834,-79.24653418,43.12029704,F,,B,3
835,-79.24766504,43.11937137,M,,B,2
836,-79.24726329,43.11937053,F,,B,2
837,-79.24682144,43.11936566,M,,B,2
838,-79.24641692,43.11936734,F,,B,2
839,-79.24597715,43.11940921,F,,B,2
840,-79.24553001,43.11928898,M,,B,2
841,-79.24560925,43.11955483,,,T,2
842,-79.24561952,43.11954428,M,,B,2
843,-79.24563618,43.11953266,F,,B,2
844,-79.24623977,43.11980335,F,,B,2
845,-79.24691444,43.11981171,M,,B,2
